label,text
Ham,?? ???? ????????? ?????????
Spam,?? ??????? ???? ???? ????????? ???????. ??????? ????????? ??????.
Spam,?? ???????? ?????? ?????? ????????. ?????? ??????? ????????????.
Ham,???? ?????? ??????????? ?????? ??????.
Spam,?99?? 3 ????????? ????!
Ham,???? ?????? ???? ?????????.
Spam,?? ?????? ??????? ??????????? ???????.
Spam,?? ?????? ???????? ?????? ??????? ???????????
Spam,?? ??????? ???? ???????????????. ??????? ??????? ????????? ?????? ?????? ???????.
Ham,?? ??????? ??????? ???????? ????
Ham,?? ?????????? ?????????????
Spam,?2500 ???? ?????????? OTP ???????.
Ham,?? ??????? ??? ????????
Spam,?? EMI ?????? ????????????? ??????????? ????.
Spam,?1000 ???????? ????????? ????? ???????????????.
Ham,?? ????? ???? ????????? ???????????.
Spam,"?50,000 ?????? ??? ?????????? OTP ???????."
Ham,? ???? ??????????? ??????? ??????.
Ham,?? ????? ????? ??????????????? ?????? ????????????.
Spam,?? ???????? ?????? ??????????? ????.
Spam,?? ???????? ?????? ???????? ????. ???????? ????????? ????? ?????? ??????
Ham,?? ????? ???? ?????? ???????? ????????.
Spam,?? ??????? ???????? ?????? ??????.
Ham,????? ???????? ???? ???????.
Spam,?5000 ???? ????? ???????.
Spam,?? ?????? ??-?????????? ????????. OTP ?????? ?????? ??????.
Ham,????? ?? ???? ???? ??????? ???????.
Spam,???? ??????? ????????????? www.lovemeet.in
Ham,???? ???? ??? ?????????
